ID,Category,Item,Spec,Qty,Unit,Used for,Notes
E1,Electronics,Waveshare 7.5in e-Paper raw panel V2,"800x480 B/W, 170.2 x 111.2 x 1.18 mm",1,pcs,Display,
E2,Electronics,Waveshare e-Paper ESP32 Driver Board,"29.46 x 48.25 mm, USB-C",1,pcs,Controller,Ships with E3 and E4
E3,Electronics,e-Paper FPC adapter board,31.75 x 17.50 mm,1,pcs,Panel FPC to FFC,Included with E2
E4,Electronics,FFC extension cable,"24-pin, 0.5 mm pitch",1,pcs,Adapter to ESP32,Included with E2
E5,Electronics,Gateron KS-33 Low Profile 2.0 switch,"3-pin, plate mount, 1.2 mm plate",1,pcs,Button on the back,No keycap
E6,Electronics,Hook-up wire,"AWG 26-28, 2 x 25 cm",1,set,Switch to ESP32 GPIO + GND,
E7,Electronics,USB-C cable + 5 V supply,>= 0.5 A,1,pcs,Power,Plug body must pass a 14 x 9 mm slot
P1,Printed,Frame,frame.stl 198.8 x 139.8 x 20.5 mm,1,pcs,Bezel + walls,"PLA ~80 g, front face down"
P2,Printed,Backer,backer.stl 170.4 x 131.8 x 4.0 mm,1,pcs,Presses panel into bezel,"PLA ~70 g, flat back face down"
P3,Printed,Back cover,back_cover.stl 198.8 x 139.8 x 9.7 mm,1,pcs,Closes the enclosure,"PLA ~95 g, outer face down"
P4,Printed,ESP32 strap,esp32_strap.stl 10.0 x 47.5 x 2.5 mm,1,pcs,Clamps ESP32,"PLA ~1.5 g, flat"
P5,Printed,Desk wedge foot,foot.stl 20.0 x 34.0 x 45.0 mm,2,pcs,Desk stand (20 deg),"PLA ~10 g each, screw face down"
F1,Fastener,Heat-set insert brass,"M3 x 4 mm, hole d4.0",14,pcs,"4 frame corners, 4 backer, 2 strap posts, 4 feet",Buy spares
F2,Fastener,Button-head screw,M3 x 6,8,pcs,"4 cover to frame, 4 backer to frame",
F3,Fastener,Button-head screw,M3 x 8,6,pcs,"2 ESP32 strap, 4 feet",
F4,Fastener,Wall screw + plug,"head <= 8 mm, shank <= 4 mm",2,pcs,Wall mounting (optional),100 mm apart
C1,Consumable,Foam tape,"0.5 mm thick, 5 mm wide",60,cm,Backer to panel edge,
C2,Consumable,Foam pad,"1 mm thick, 10 x 15 mm",1,pcs,Strap to ESP32 module can,
C3,Consumable,Double-sided or Kapton tape,small piece,1,pcs,Adapter board in its recess (optional),Never on the panel
